Total iter,Accuracy
500,0.00076
1000,0.01742
